monthly_spend,tenure_months,support_calls,usage_hours_week,late_payments,satisfaction_score,num_products,discount_percent,actual,01_logistic_regression_prediction,01_logistic_regression_probability,02_decision_tree_prediction,02_decision_tree_probability,03_random_forest_prediction,03_random_forest_probability,04_knn_prediction,04_knn_probability,05_svm_prediction,05_svm_probability,06_naive_bayes_prediction,06_naive_bayes_probability,07_gradient_boosting_prediction,07_gradient_boosting_probability
88.66,84,10,42.44,7,6.02,4,24.25,1,1,0.8252821293902873,1,0.7921348314606742,1,0.8273312573178973,1,0.8888888888888888,1,0.8233113140508989,1,0.8475612728890983,1,0.8136222077844838
95.6,33,7,29.41,7,8.08,5,23.82,0,0,0.005068762002771501,0,0.03875968992248062,0,0.04207618418798995,0,0.0,0,0.009439079245483022,0,0.00664305044607488,0,0.019884073978854996
110.59,89,7,42.01,6,5.75,5,23.99,1,1,0.9625354361622389,1,0.9711090400745573,1,0.8469015840996671,1,0.8888888888888888,1,0.9405787976024328,1,0.8825857042092755,1,0.8904138142663653
172.93,64,11,31.34,8,6.46,4,28.62,0,0,0.03076248694377992,0,0.06951871657754011,0,0.07084431488782161,0,0.1111111111111111,0,0.012339913001447938,0,0.2858197843951261,0,0.0507619860162307
53.62,53,8,66.81,5,4.96,5,31.96,1,1,0.5596177548838484,1,0.9,1,0.8793969175967148,1,1.0,1,0.9341141775360636,1,0.9693166850667099,1,0.9154447707491409
157.44,88,11,42.89,9,5.11,4,14.54,1,1,0.8475622300506692,1,0.7142857142857143,1,0.7556159022504074,1,1.0,1,0.8501126305680152,1,0.8089027139326167,1,0.7349694769006622
129.55,57,8,34.97,9,5.97,6,22.97,0,0,0.14168562089080317,0,0.014757554462403373,0,0.08802217619683644,0,0.0,0,0.060342932285582004,0,0.0692611846143172,0,0.09064377584744
131.27,44,5,39.92,8,5.65,5,14.76,0,0,0.03547831894725988,0,0.014757554462403373,0,0.030591135779687507,0,0.0,0,0.0025201648921146427,0,0.018408645931994025,0,0.03326996439108429
144.77,64,8,41.12,7,4.95,4,21.84,0,0,0.05874753467817498,0,0.015217391304347827,0,0.02925018894084558,0,0.0,0,0.010466066497882717,0,0.16030942498669293,0,0.059403531167135815
158.65,101,4,37.61,5,5.81,5,21.87,1,1,0.9943692022312793,1,0.9711090400745573,1,0.9702418061686893,1,1.0,1,0.9886786514817256,1,0.9865947424177888,1,0.9546852037507558
110.71,53,9,43.6,7,4.46,3,26.87,0,0,0.0028624442886437187,0,0.04472843450479233,0,0.01843765838434474,0,0.0,0,0.006174962471805812,0,0.04804043820366455,0,0.026855680212865926
115.4,49,6,39.7,7,7.48,6,20.06,1,0,0.4391759961208361,0,0.03875968992248062,0,0.2534809929745078,0,0.4444444444444444,0,0.3709794400058364,0,0.08166223430798249,0,0.18574272566502575
136.72,61,5,35.51,6,6.54,5,24.8,0,0,0.25955286810648426,1,0.6111111111111112,0,0.12629140495490068,0,0.1111111111111111,0,0.07881284099114017,0,0.325449545555958,0,0.1010242869553896
176.67,50,7,36.26,8,8.2,6,14.78,1,1,0.5858429910081802,0,0.20967741935483872,0,0.30473736106329885,0,0.4444444444444444,1,0.6599803240076678,0,0.04229849115891485,0,0.32114460820877355
75.81,61,7,34.32,7,6.08,5,28.84,0,0,0.09148889326455992,0,0.056338028169014086,0,0.041284014671900536,0,0.1111111111111111,0,0.005880107302054648,0,0.11888461125701164,0,0.03750161663598162
161.29,47,9,44.29,8,6.61,4,13.39,0,0,0.0681026778444611,0,0.20967741935483872,0,0.09112038734904263,0,0.0,0,0.04386299581395666,0,0.05106511371862958,0,0.06666279191967561
152.38,33,5,42.32,7,5.15,5,17.83,0,0,0.003084819713828903,0,0.014757554462403373,0,0.04900444045254337,0,0.0,0,0.0011523632496680015,0,0.00628784161983131,0,0.02864876323969468
155.14,67,9,40.32,7,5.72,5,30.06,0,0,0.22953359916895133,0,0.0794392523364486,0,0.06200225405425874,0,0.1111111111111111,0,0.0176827121646294,0,0.25049248783959216,0,0.0833368182267634
148.82,82,6,28.0,8,6.5,6,15.74,1,1,0.8936907848259076,1,0.9641025641025641,1,0.9300716770760099,1,1.0,1,0.9710478595744377,1,0.5685172394570301,1,0.9455735254878552
183.65,90,9,42.71,6,5.5,4,23.12,0,1,0.8751632295761207,1,0.9415584415584416,1,0.8667139973391302,1,1.0,1,0.8479610272929953,1,0.9106063980774471,1,0.8858580108580122
