area_sqft,bedrooms,age_years,distance_city_km,actual_price_lakhs,predicted_price_lakhs,residual
1803.0,5.0,6.0,26.459999084472656,85.41000366210938,96.386,-10.976
1427.0,4.0,25.0,28.399999618530273,55.0,57.624,-2.624
2715.0,3.0,6.0,4.159999847412109,143.83999633789062,147.789,-3.949
1225.0,5.0,2.0,13.84000015258789,87.3499984741211,87.375,-0.025
846.0,1.0,1.0,5.050000190734863,48.90999984741211,51.013,-2.103
2584.0,1.0,6.0,12.199999809265137,118.3499984741211,117.733,0.617
848.0,1.0,24.0,9.4399995803833,29.65999984741211,31.379,-1.719
3325.0,3.0,1.0,12.970000267028809,170.02999877929688,168.342,1.688
3074.0,2.0,29.0,18.100000381469727,121.30999755859375,125.798,-4.488
1683.0,2.0,22.0,24.969999313354492,54.619998931884766,59.955,-5.335
3263.0,1.0,4.0,1.2400000095367432,169.74000549316406,162.016,7.724
892.0,4.0,30.0,30.1299991607666,24.899999618530273,28.419,-3.519
1156.0,1.0,7.0,18.469999313354492,51.130001068115234,45.793,5.337
2923.0,1.0,6.0,32.310001373291016,115.38999938964844,110.023,5.367
1363.0,5.0,21.0,21.09000015258789,67.58999633789062,73.147,-5.557
848.0,5.0,27.0,25.049999237060547,45.08000183105469,41.656,3.424
1912.0,1.0,15.0,4.550000190734863,79.5199966430664,90.512,-10.992
2767.0,5.0,18.0,8.390000343322754,139.66000366210938,152.623,-12.963
1766.0,3.0,26.0,26.84000015258789,60.72999954223633,66.492,-5.762
1163.0,1.0,15.0,27.350000381469727,28.780000686645508,30.86,-2.08
3437.0,5.0,17.0,25.520000457763672,160.02000427246094,163.822,-3.802
2305.0,3.0,16.0,29.719999313354492,88.48999786376953,93.818,-5.328
2558.0,4.0,29.0,25.510000228881836,111.41000366210938,109.168,2.242
3160.0,5.0,14.0,3.2300000190734863,179.1699981689453,178.722,0.448
1402.0,1.0,0.0,11.25,64.9800033569336,69.558,-4.578
