annual_income_lakh,credit_score,debt_ratio,employment_years,loan_amount_lakh,actual,probability_approved,predicted
2.24,670,0.144,21.2,10.21,0,0.626115226169946,1
21.04,737,0.288,21.9,27.15,0,0.8729035984429998,1
27.56,631,0.499,23.7,3.47,1,0.8795932596605632,1
26.49,617,0.69,15.7,34.17,1,0.1974604071792162,0
12.31,607,0.347,17.5,1.03,1,0.5692587607101106,1
12.05,731,0.304,0.7,43.76,0,0.1416130726095107,0
16.73,650,0.651,8.1,9.89,0,0.22624401108281772,0
21.77,694,0.729,7.7,38.42,0,0.11178119132911257,0
18.18,762,0.716,7.5,48.48,0,0.09949981936004283,0
23.71,673,0.697,4.8,19.2,0,0.24189581834078608,0
15.9,634,0.664,21.0,24.43,0,0.20812124452453182,0
27.92,735,0.471,1.5,5.47,1,0.8147971564150858,1
21.88,689,0.525,3.9,9.81,1,0.4997490364061281,0
2.12,665,0.53,20.0,4.75,0,0.27491383172015976,0
15.81,515,0.288,1.6,20.01,0,0.08058464042078296,0
11.5,666,0.683,21.5,34.77,0,0.11239689977013301,0
21.95,682,0.562,2.4,47.8,0,0.08150593011329652,0
7.64,687,0.327,4.2,11.52,0,0.2965462621120739,0
14.93,842,0.455,12.0,32.62,0,0.6614730103964473,1
18.51,605,0.73,10.8,31.62,0,0.05453869018345503,0
22.55,623,0.313,8.0,21.85,1,0.46714721837841133,0
21.95,574,0.362,6.1,18.48,0,0.28183797538276467,0
28.2,708,0.313,11.6,18.99,1,0.8725569715973234,1
10.91,714,0.394,9.8,26.82,1,0.297575223199569,0
26.57,677,0.171,11.1,33.77,1,0.7561525850812089,1
