customer_id,first_name,last_name,email,age,signup_date,status,total_spend,country
1001,John,Doe,john.doe@example.com,29,2023-01-15,Active,150.50,US
1002,Jane,Smith,jane.smith@gmail,34,2023-02-20,active,240.00,USA
1003,Bob,,bob.null@example.com,NaN,2023/03/12,Pending,0.00,United States
1004,Alice,Johnson,alice@corp.org,-5,2023-04-01,ACTIVE,$320.50,US
1005,Charlie,Brown,charlie.b@example.com,200,15-05-2023,Inactive,12.99,CA
1006,David,Williams,david@@example.com,45,2023-06-18,active,85.20,CAN
1007,Emma,Jones,emma.jones@domain.co.uk,22,2023-07-22,Pending,,Canada
1008,Frank,Miller,frank_miller_at_domain.com,38,2023-08-30,Disabled,-45.00,UK
1009,Grace,Davis,grace.davis@example.com,51,2023-09-14,Active,1024.00,United Kingdom
1010,Hannah,Wilson,hannah.w@test..com,NULL,2023-10-05,active,500.00,GB
1011,Ian,Taylor,ian.taylor@example.com,28,2023-11-19,ACTV,75.10,AU
1012,Jack,Anderson,jack@domain.com,31,12/01/2023,Active,310.40,Australia
1013,Kathy,Thomas,kathy.t@example.com,42,2023-13-45,Pending,120.00,DE
1014,Leo,Jackson,leo.j@germany.de,36,2023-12-25,active,95.00,Germany
1015,Mia,White,mia.white@example.com,?,2024-01-02,Active,450.25,Deutschland
1016,Noah,Harris,noah.harris@example.com,27,2024-01-15,Inactive,0,FR
1017,Olivia,Martin,olivia@france.fr,29,2024-01-20,Active,112.50,France
1018,Paul,Thompson,paul.t@example.com,64,2024-02-01,active,88.00,FR
1019,Quinn,Garcia,quinn.garcia@example.com,33,2024-02-14,Pending,340.20,ES
1020,Rachel,Martinez,rachel.m@spain.es,17,2024-02-28,Active,15.00,Spain
1021,Sam,Robinson,sam.r@example.com,40,2024-03-01,active,412.00,IT
1022,Tina,Clark,tina.clark@italy.it,39,2024-03-10,Active,520.10,Italy
1023,Uma,Rodriguez,uma.r@example.com,12,2024-03-15,Suspended,0.00,MX
1024,Victor,Lewis,victor.lewis@mexico.mx,48,2024-03-22,Active,99.99,Mexico
1025,Wendy,Lee,wendy.lee@example.com,55,2024-04-05,active,780.00,JP
1026,Xavier,Walker,xavier.w@japan.jp,30,2024-04-12,Pending,1200.50,Japan
1027,Yara,Hall,yara.hall@example.com,26,2024-04-19,Active,310.00,IN
1028,Zack,Allen,zack.allen@india.in,35,2024-04-25,Inactive,45.00,India
1029,Aaron,Young,aaron.y@example.com,41,2024-05-01,active,210.00,US
1030,Bella,Hernandez,bella.h@example.com,24,2024-05-10,Active,550.00,USA
1031,Caleb,King,caleb.king@example.com,29,2024-05-15,Active,130.00,United States
1032,Diana,Wright,diana.wright@domain.com,32,2024-05-20,Pending,0.00,US
1033,Ethan,Lopez,ethan.l@example.com,44,2024-05-25,active,95.50,CA
1034,Fiona,Hill,fiona.hill@example.com,23,2024-06-01,Active,45.00,Canada
1035,George,Scott,george.scott@example.com,67,2024-06-05,Active,1500.00,UK
1036,Holly,Green,holly.green@example.com,38,2024-06-12,active,340.00,United Kingdom
1037,Ian,Adams,ian.adams@example.com,29,2024-06-18,Inactive,0.00,AU
1038,Julia,Baker,julia.baker@example.com,31,2024-06-25,Active,890.00,Australia
1039,Kevin,Gonzalez,kevin.g@example.com,52,2024-07-01,Pending,120.50,DE
1040,Laura,Nelson,laura.nelson@example.com,46,2024-07-08,active,610.00,Germany
1041,  Mike  ,Carter,mike.carter@example.com,33,2024-07-15,Active,320.00,FR
1042,Nina,Mitchell,nina.m@example.com,25,2024-07-20,Active,150.00,France
1043,Oscar,Perez,oscar.perez@example.com,37,2024-07-25,Inactive,75.00,ES
1044,Paula,Roberts,paula.r@example.com,43,2024-08-01,active,980.00,Spain
1045,Quinn,Turner,quinn.turner@example.com,21,2024-08-05,Pending,20.00,IT
1046,Ryan,Phillips,ryan.p@example.com,36,2024-08-12,Active,430.00,Italy
1047,Sara,Campbell,sara.c@example.com,28,2024-08-19,active,210.00,US
1048,Tom,Parker,tom.parker@example.com,59,2024-08-25,Active,1150.00,USA
1049,Ursula,Evans,ursula.e@example.com,34,2024-09-01,Pending,65.00,CA
1050,Victor,Edwards,victor.e@example.com,40,2024-09-08,active,310.00,Canada
1050,Victor,Edwards,victor.e@example.com,40,2024-09-08,active,310.00,Canada
1051,William,Collins,william.c@example.com,62,2024-09-15,Active,1420.00,UK
1052,Xena,Stewart,xena.s@example.com,27,2024-09-22,Active,88.00,AU
1053,Yusuf,Sanchez,yusuf.s@example.com,35,2024-09-29,Pending,450.00,DE
1054,Zoe,Morris,zoe.morris@example.com,30,2024-10-05,active,920.00,FR
1055,Alex,Rogers,alex.rogers@example.com,49,2024-10-12,Inactive,0.00,ES
1056,Beth,Reed,beth.reed@example.com,26,2024-10-19,Active,310.00,IT
1057,Carl,Cook,carl.cook@example.com,39,2024-10-26,Active,150.00,US
1058,Dana,Morgan,dana.m@example.com,54,2024-11-02,active,870.00,CA
1059,Eric,Bell,eric.bell@example.com,31,2024-11-09,Pending,40.00,UK
1060,Faye,Murphy,faye.m@example.com,22,2024-11-16,Active,290.00,AU
1061,Gabe,Bailey,gabe.bailey@example.com,47,2024-11-23,Active,640.00,DE
1062,Heidi,Rivera,heidi.r@example.com,33,2024-11-30,active,180.00,FR
1063,Ivan,Cooper,ivan.cooper@example.com,29,2024-12-07,Inactive,0.00,ES
1064,Jill,Richardson,jill.r@example.com,41,2024-12-14,Active,760.00,IT
1065,Kurt,Cox,kurt.cox@example.com,38,2024-12-21,Pending,120.00,US
1066,Lana,Howard,lana.h@example.com,50,2024-12-28,active,1050.00,CA
1067,Mona,Ward,mona.ward@example.com,24,2025-01-04,Active,330.00,UK
1068,Nico,Torres,nico.torres@example.com,35,2025-01-11,Active,410.00,AU
1069,Opal,Peterson,opal.p@example.com,61,2025-01-18,Inactive,50.00,DE
1070,Pete,Gray,pete.gray@example.com,28,2025-01-25,active,220.00,FR
1071,Rose,Ramirez,rose.r@example.com,32,2025-02-01,Pending,310.00,ES
1072,Seth,James,seth.james@example.com,45,2025-02-08,Active,890.00,IT
1073,Tara,Watson,tara.w@example.com,27,2025-02-15,Active,140.00,US
1074,Uri,Brooks,uri.brooks@example.com,53,2025-02-22,active,670.00,CA
1075,Vera,Kelly,vera.kelly@example.com,37,2025-03-01,Pending,85.00,UK
1076,Wade,Sanders,wade.s@example.com,30,2025-03-08,Active,450.00,AU
1077,Xara,Price,xara.price@example.com,42,2025-03-15,Inactive,0.00,DE
1078,Yves,Bennett,yves.b@example.com,26,2025-03-22,active,320.00,FR
1079,Zara,Wood,zara.wood@example.com,48,2025-03-29,Active,990.00,ES
1080,Alan,Barnes,alan.barnes@example.com,34,2025-04-05,Pending,210.00,IT
1081,Bree,Ross,bree.ross@example.com,29,2025-04-12,Active,540.00,US
1082,Cole,Henderson,cole.h@example.com,56,2025-04-19,active,1120.00,CA
1083,Dawn,Coleman,dawn.c@example.com,31,2025-04-26,Active,310.00,UK
1084,Evan,Jenkins,evan.j@example.com,23,2025-05-03,Inactive,15.00,AU
1085,Fern,Perry,fern.perry@example.com,44,2025-05-10,Pending,400.00,DE
1086,Gus,Powell,gus.powell@example.com,36,2025-05-17,active,630.00,FR
1087,Hope,Long,hope.long@example.com,50,2025-05-24,Active,820.00,ES
1088,Ira,Patterson,ira.p@example.com,28,2025-05-31,Active,190.00,IT
1089,Joy,Hughes,joy.hughes@example.com,39,2025-06-07,active,470.00,US
1090,Kent,Flores,kent.f@example.com,63,2025-06-14,Pending,1250.00,CA
1091,Lia,Washington,lia.w@example.com,25,2025-06-21,Active,280.00,UK
1092,Milo,Butler,milo.butler@example.com,32,2025-06-28,Inactive,0.00,AU
1093,Nell,Simmons,nell.s@example.com,41,2025-07-05,active,560.00,DE
1094,Otis,Foster,otis.foster@example.com,35,2025-07-12,Active,710.00,FR
1095,Pia,Gonzales,pia.g@example.com,47,2025-07-19,Pending,390.00,ES
1096,Rex,Bryant,rex.bryant@example.com,27,2025-07-26,Active,150.00,IT
1097,Sita,Alexander,sita.a@example.com,30,2025-08-02,active,840.00,US
1098,Toby,Russell,toby.r@example.com,52,2025-08-09,Active,620.00,CA
1099,Una,Griffin,una.griffin@example.com,38,2025-08-16,Inactive,40.00,UK
